{"pitch": [-2.917079304729961, 11.391254536985691, 207.63098600266116, 46.77559025099019], "energy": [-1.431044578552246, 8.184337615966797, 37.326216790537565, 26.04418078283575]}