{"pitch": [-1.7266582938615567, 12.007951167924858, 163.90595780891167, 61.335517126270226], "energy": [-1.2335095405578613, 10.858494758605957, 41.37630950989934, 33.54353235085368]}